-- phpMyAdmin SQL Dump
-- version 4.9.1
-- https://www.phpmyadmin.net/
--
-- Host: 127.0.0.1
-- Generation Time: Apr 06, 2022 at 11:26 AM
-- Server version: 10.4.8-MariaDB
-- PHP Version: 7.3.11

SET SQL_MODE = "NO_AUTO_VALUE_ON_ZERO";
SET AUTOCOMMIT = 0;
START TRANSACTION;
SET time_zone = "+00:00";


/*!40101 SET @OLD_CHARACTER_SET_CLIENT=@@CHARACTER_SET_CLIENT */;
/*!40101 SET @OLD_CHARACTER_SET_RESULTS=@@CHARACTER_SET_RESULTS */;
/*!40101 SET @OLD_COLLATION_CONNECTION=@@COLLATION_CONNECTION */;
/*!40101 SET NAMES utf8mb4 */;

--
-- Database: `student`
--

-- --------------------------------------------------------

--
-- Table structure for table `cities`
--

CREATE TABLE `cities` (
  `id` int(10) UNSIGNED NOT NULL,
  `name` varchar(255) COLLATE utf8mb4_unicode_ci NOT NULL,
  `province_id` int(11) NOT NULL
) ENGINE=InnoDB DEFAULT CHARSET=utf8mb4 COLLATE=utf8mb4_unicode_ci;

--
-- Dumping data for table `cities`
--

INSERT INTO `cities` (`id`, `name`, `province_id`) VALUES
(1, 'Adams', 1),
(2, 'Bacarra', 1),
(3, 'Badoc', 1),
(4, 'Bangui', 1),
(5, 'Banna', 1),
(6, 'Batac', 1),
(7, 'Burgos', 1),
(8, 'Carasi', 1),
(9, 'Currimao', 1),
(10, 'Dingras', 1),
(11, 'Dumalneg', 1),
(12, 'Laoag', 1),
(13, 'Marcos', 1),
(14, 'Nueva Era', 1),
(15, 'Pagudpud', 1),
(16, 'Paoay', 1),
(17, 'Pasuquin', 1),
(18, 'Piddig', 1),
(19, 'Pinili', 1),
(20, 'San Nicolas', 1),
(21, 'Sarrat', 1),
(22, 'Solsona', 1),
(23, 'Vintar', 1),
(24, 'Alilem', 2),
(25, 'Banayoyo', 2),
(26, 'Bantay', 2),
(27, 'Burgos', 2),
(28, 'Cabugao', 2),
(29, 'Candon', 2),
(30, 'Caoayan', 2),
(31, 'Cervantes', 2),
(32, 'Galimuyod', 2),
(33, 'Gregorio del Pilar', 2),
(34, 'Lidlidda', 2),
(35, 'Magsingal', 2),
(36, 'Nagbukel', 2),
(37, 'Narvacan', 2),
(38, 'Quirino', 2),
(39, 'Salcedo', 2),
(40, 'San Emilio', 2),
(41, 'San Esteban', 2),
(42, 'San Ildefonso', 2),
(43, 'San Juan', 2),
(44, 'San Vicente', 2),
(45, 'Santa', 2),
(46, 'Santa Catalina', 2),
(47, 'Santa Cruz', 2),
(48, 'Santa Lucia', 2),
(49, 'Santa Maria', 2),
(50, 'Santiago', 2),
(51, 'Santo Domingo', 2),
(52, 'Sigay', 2),
(53, 'Sinait', 2),
(54, 'Sugpon', 2),
(55, 'Suyo', 2),
(56, 'Tagudin', 2),
(57, 'Vigan', 2),
(58, 'Agoo', 3),
(59, 'Aringay', 3),
(60, 'Bacnotan', 3),
(61, 'Bagulin', 3),
(62, 'Balaoan', 3),
(63, 'Bangar', 3),
(64, 'Bauang', 3),
(65, 'Burgos', 3),
(66, 'Caba', 3),
(67, 'Luna', 3),
(68, 'Naguilian', 3),
(69, 'Pugo', 3),
(70, 'Rosario', 3),
(71, 'San Fernando', 3),
(72, 'San Gabriel', 3),
(73, 'San Juan', 3),
(74, 'Santo Tomas', 3),
(75, 'Santol', 3),
(76, 'Sudipen', 3),
(77, 'Tubao', 3),
(78, 'Agno', 4),
(79, 'Aguilar', 4),
(80, 'Alaminos', 4),
(81, 'Alcala', 4),
(82, 'Anda', 4),
(83, 'Asingan', 4),
(84, 'Balungao', 4),
(85, 'Bani', 4),
(86, 'Basista', 4),
(87, 'Bautista', 4),
(88, 'Bayambang', 4),
(89, 'Binalonan', 4),
(90, 'Binmaley', 4),
(91, 'Bolinao', 4),
(92, 'Bugallon', 4),
(93, 'Burgos', 4),
(94, 'Calasiao', 4),
(95, 'Dagupan', 4),
(96, 'Dasol', 4),
(97, 'Infanta', 4),
(98, 'Labrador', 4),
(99, 'Laoac', 4),
(100, 'Lingayen', 4),
(101, 'Mabini', 4),
(102, 'Malasiqui', 4),
(103, 'Manaoag', 4),
(104, 'Mangaldan', 4),
(105, 'Mangatarem', 4),
(106, 'Mapandan', 4),
(107, 'Natividad', 4),
(108, 'Pozorrubio', 4),
(109, 'Rosales', 4),
(110, 'San Carlos', 4),
(111, 'San Fabian', 4),
(112, 'San Jacinto', 4),
(113, 'San Manuel', 4),
(114, 'San Nicolas', 4),
(115, 'San Quintin', 4),
(116, 'Santa Barbara', 4),
(117, 'Santa Maria', 4),
(118, 'Santo Tomas', 4),
(119, 'Sison', 4),
(120, 'Sual', 4),
(121, 'Tayug', 4),
(122, 'Umingan', 4),
(123, 'Urbiztondo', 4),
(124, 'Urdaneta', 4),
(125, 'Villasis', 4),
(126, 'Basco', 5),
(127, 'Itbayat', 5),
(128, 'Ivana', 5),
(129, 'Mahatao', 5),
(130, 'Sabtang', 5),
(131, 'Uyugan', 5),
(132, 'Abulug', 6),
(133, 'Alcala', 6),
(134, 'Allacapan', 6),
(135, 'Amulung', 6),
(136, 'Aparri', 6),
(137, 'Baggao', 6),
(138, 'Ballesteros', 6),
(139, 'Buguey', 6),
(140, 'Calayan', 6),
(141, 'Camalaniugan', 6),
(142, 'Claveria', 6),
(143, 'Enrile', 6),
(144, 'Gattaran', 6),
(145, 'Gonzaga', 6),
(146, 'Iguig', 6),
(147, 'Lal-lo', 6),
(148, 'Lasam', 6),
(149, 'Pamplona', 6),
(150, 'Pe?blanca', 6),
(151, 'Piat', 6),
(152, 'Rizal', 6),
(153, 'Sanchez-Mira', 6),
(154, 'Santa Ana', 6),
(155, 'Santa Praxedes', 6),
(156, 'Santa Teresita', 6),
(157, 'Santo Ni?', 6),
(158, 'Solana', 6),
(159, 'Tuao', 6),
(160, 'Tuguegarao', 6),
(161, 'Alicia', 7),
(162, 'Angadanan', 7),
(163, 'Aurora', 7),
(164, 'Benito Soliven', 7),
(165, 'Burgos', 7),
(166, 'Cabagan', 7),
(167, 'Cabatuan', 7),
(168, 'Cauayan', 7),
(169, 'Cordon', 7),
(170, 'Delfin Albano', 7),
(171, 'Dinapigue', 7),
(172, 'Divilacan', 7),
(173, 'Echague', 7),
(174, 'Gamu', 7),
(175, 'Ilagan', 7),
(176, 'Jones', 7),
(177, 'Luna', 7),
(178, 'Maconacon', 7),
(179, 'Mallig', 7),
(180, 'Naguilian', 7),
(181, 'Palanan', 7),
(182, 'Quezon', 7),
(183, 'Quirino', 7),
(184, 'Ramon', 7),
(185, 'Reina Mercedes', 7),
(186, 'Roxas', 7),
(187, 'San Agustin', 7),
(188, 'San Guillermo', 7),
(189, 'San Isidro', 7),
(190, 'San Manuel', 7),
(191, 'San Mariano', 7),
(192, 'San Mateo', 7),
(193, 'San Pablo', 7),
(194, 'Santa Maria', 7),
(195, 'Santiago', 7),
(196, 'Santo Tomas', 7),
(197, 'Tumauini', 7),
(198, 'Alfonso Casta?da', 8),
(199, 'Ambaguio', 8),
(200, 'Aritao', 8),
(201, 'Bagabag', 8),
(202, 'Bambang', 8),
(203, 'Bayombong', 8),
(204, 'Diadi', 8),
(205, 'Dupax del Norte', 8),
(206, 'Dupax del Sur', 8),
(207, 'Kasibu', 8),
(208, 'Kayapa', 8),
(209, 'Quezon', 8),
(210, 'Santa Fe', 8),
(211, 'Solano', 8),
(212, 'Villaverde', 8),
(213, 'Aglipay', 9),
(214, 'Cabarroguis', 9),
(215, 'Diffun', 9),
(216, 'Maddela', 9),
(217, 'Nagtipunan', 9),
(218, 'Saguday', 9),
(219, 'Agapito del Rosario', 10),
(220, 'Amsic', 10),
(221, 'Anunas', 10),
(222, 'Balibago', 10),
(223, 'Capaya', 10),
(224, 'Claro M. Recto', 10),
(225, 'Cuayan', 10),
(226, 'Cutcut', 10),
(227, 'Cutud', 10),
(228, 'Lourdes North West', 10),
(229, 'Lourdes Sur', 10),
(230, 'Lourdes Sur East', 10),
(231, 'Malabanias', 10),
(232, 'Margot', 10),
(233, 'Mining', 10),
(234, 'Ninoy Aquino', 10),
(235, 'Pampang', 10),
(236, 'Pandan', 10),
(237, 'Pulung Cacutud', 10),
(238, 'Pulung Maragul', 10),
(239, 'Pulungbulu', 10),
(240, 'Salapungan', 10),
(241, 'San Jose', 10),
(242, 'San Nicolas', 10),
(243, 'Santa Teresita', 10),
(244, 'Santa Trinidad', 10),
(245, 'Santo Cristo', 10),
(246, 'Santo Domingo', 10),
(247, 'Santo Rosario', 10),
(248, 'Sapalibutad', 10),
(249, 'Sapangbato', 10),
(250, 'Tabun', 10),
(251, 'Virgen Delos Remedios', 10),
(252, 'Baler', 11),
(253, 'Casiguran', 11),
(254, 'Dilasag', 11),
(255, 'Dinalungan', 11),
(256, 'Dingalan', 11),
(257, 'Dipaculao', 11),
(258, 'Maria Aurora', 11),
(259, 'San Luis', 11),
(260, 'Abucay', 12),
(261, 'Bagac', 12),
(262, 'Balanga', 12),
(263, 'Dinalupihan', 12),
(264, 'Hermosa', 12),
(265, 'Limay', 12),
(266, 'Mariveles', 12),
(267, 'Morong', 12),
(268, 'Orani', 12),
(269, 'Orion', 12),
(270, 'Pilar', 12),
(271, 'Samal', 12),
(272, 'Angat', 13),
(273, 'Balagtas', 13),
(274, 'Baliuag', 13),
(275, 'Bocaue', 13),
(276, 'Bulakan', 13),
(277, 'Bustos', 13),
(278, 'Calumpit', 13),
(279, 'Do? Remedios Trinidad', 13),
(280, 'Guiguinto', 13),
(281, 'Hagonoy', 13),
(282, 'Malolos', 13),
(283, 'Marilao', 13),
(284, 'Meycauayan', 13),
(285, 'Norzagaray', 13),
(286, 'Obando', 13),
(287, 'Pandi', 13),
(288, 'Paombong', 13),
(289, 'Plaridel', 13),
(290, 'Pulilan', 13),
(291, 'San Ildefonso', 13),
(292, 'San Jose del Monte', 13),
(293, 'San Miguel', 13),
(294, 'San Rafael', 13),
(295, 'Santa Maria', 13),
(296, 'Aliaga', 14),
(297, 'Bongabon', 14),
(298, 'Cabanatuan', 14),
(299, 'Cabiao', 14),
(300, 'Carranglan', 14),
(301, 'Cuyapo', 14),
(302, 'Gabaldon', 14),
(303, 'Gapan', 14),
(304, 'General Mamerto Natividad', 14),
(305, 'General Tinio', 14),
(306, 'Guimba', 14),
(307, 'Jaen', 14),
(308, 'Laur', 14),
(309, 'Licab', 14),
(310, 'Llanera', 14),
(311, 'Lupao', 14),
(312, 'Mu?z', 14),
(313, 'Nampicuan', 14),
(314, 'Palayan', 14),
(315, 'Pantabangan', 14),
(316, 'Pe?randa', 14),
(317, 'Quezon', 14),
(318, 'Rizal', 14),
(319, 'San Antonio', 14),
(320, 'San Isidro', 14),
(321, 'San Jose', 14),
(322, 'San Leonardo', 14),
(323, 'Santa Rosa', 14),
(324, 'Santo Domingo', 14),
(325, 'Talavera', 14),
(326, 'Talugtug', 14),
(327, 'Zaragoza', 14),
(328, 'Asinan', 15),
(329, 'Banicain', 15),
(330, 'Barreto', 15),
(331, 'East Bajac-bajac', 15),
(332, 'East Tapinac', 15),
(333, 'Gordon Heights', 15),
(334, 'Kalaklan', 15),
(335, 'Mabayuan', 15),
(336, 'New Cabalan', 15),
(337, 'New Ilalim', 15),
(338, 'New Kababae', 15),
(339, 'New Kalalake', 15),
(340, 'Old Cabalan', 15),
(341, 'Pag-asa', 15),
(342, 'Santa Rita', 15),
(343, 'West Bajac-bajac', 15),
(344, 'West Tapinac', 15),
(345, 'Apalit', 16),
(346, 'Arayat', 16),
(347, 'Bacolor', 16),
(348, 'Candaba', 16),
(349, 'Floridablanca', 16),
(350, 'Guagua', 16),
(351, 'Lubao', 16),
(352, 'Mabalacat', 16),
(353, 'Macabebe', 16),
(354, 'Magalang', 16),
(355, 'Masantol', 16),
(356, 'Mexico', 16),
(357, 'Minalin', 16),
(358, 'Porac', 16),
(359, 'San Fernando', 16),
(360, 'San Luis', 16),
(361, 'San Simon', 16),
(362, 'Santa Ana', 16),
(363, 'Santa Rita', 16),
(364, 'Santo Tomas', 16),
(365, 'Sasmuan', 16),
(366, 'Anao', 17),
(367, 'Bamban', 17),
(368, 'Camiling', 17),
(369, 'Capas', 17),
(370, 'Concepcion', 17),
(371, 'Gerona', 17),
(372, 'La Paz', 17),
(373, 'Mayantoc', 17),
(374, 'Moncada', 17),
(375, 'Paniqui', 17),
(376, 'Pura', 17),
(377, 'Ramos', 17),
(378, 'San Clemente', 17),
(379, 'San Jose', 17),
(380, 'San Manuel', 17),
(381, 'Santa Ignacia', 17),
(382, 'Tarlac City', 17),
(383, 'Victoria', 17),
(384, 'Botolan', 18),
(385, 'Cabangan', 18),
(386, 'Candelaria', 18),
(387, 'Castillejos', 18),
(388, 'Iba', 18),
(389, 'Masinloc', 18),
(390, 'Palauig', 18),
(391, 'San Antonio', 18),
(392, 'San Felipe', 18),
(393, 'San Marcelino', 18),
(394, 'San Narciso', 18),
(395, 'Santa Cruz', 18),
(396, 'Subic', 18),
(397, 'Agoncillo', 19),
(398, 'Alitagtag', 19),
(399, 'Balayan', 19),
(400, 'Balete', 19),
(401, 'Batangas City', 19),
(402, 'Bauan', 19),
(403, 'Calaca', 19),
(404, 'Calatagan', 19),
(405, 'Cuenca', 19),
(406, 'Ibaan', 19),
(407, 'Laurel', 19),
(408, 'Lemery', 19),
(409, 'Lian', 19),
(410, 'Lipa', 19),
(411, 'Lobo', 19),
(412, 'Mabini', 19),
(413, 'Malvar', 19),
(414, 'Mataasnakahoy', 19),
(415, 'Nasugbu', 19),
(416, 'Padre Garcia', 19),
(417, 'Rosario', 19),
(418, 'San Jose', 19),
(419, 'San Juan', 19),
(420, 'San Luis', 19),
(421, 'San Nicolas', 19),
(422, 'San Pascual', 19),
(423, 'Santa Teresita', 19),
(424, 'Santo Tomas', 19),
(425, 'Taal', 19),
(426, 'Talisay', 19),
(427, 'Tanauan', 19),
(428, 'Taysan', 19),
(429, 'Tingloy', 19),
(430, 'Tuy', 19),
(431, 'Alfonso', 20),
(432, 'Amadeo', 20),
(433, 'Bacoor', 20),
(434, 'Carmona', 20),
(435, 'Cavite City', 20),
(436, 'Dasmari?as', 20),
(437, 'General Emilio Aguinaldo', 20),
(438, 'General Mariano Alvarez', 20),
(439, 'General Trias', 20),
(440, 'Imus', 20),
(441, 'Indang', 20),
(442, 'Kawit', 20),
(443, 'Magallanes', 20),
(444, 'Maragondon', 20),
(445, 'Mendez', 20),
(446, 'Naic', 20),
(447, 'Noveleta', 20),
(448, 'Rosario', 20),
(449, 'Silang', 20),
(450, 'Tagaytay', 20),
(451, 'Tanza', 20),
(452, 'Ternate', 20),
(453, 'Trece Martires', 20),
(454, 'Barangay 1', 21),
(455, 'Barangay 10', 21),
(456, 'Barangay 11', 21),
(457, 'Barangay 2', 21),
(458, 'Barangay 3', 21),
(459, 'Barangay 4', 21),
(460, 'Barangay 5', 21),
(461, 'Barangay 6', 21),
(462, 'Barangay 7', 21),
(463, 'Barangay 8', 21),
(464, 'Barangay 9', 21),
(465, 'Barra', 21),
(466, 'Bocohan', 21),
(467, 'Cotta', 21),
(468, 'Dalahican', 21),
(469, 'Domoit', 21),
(470, 'Gulang-gulang', 21),
(471, 'Ibabang Dupay', 21),
(472, 'Ibabang Iyam', 21),
(473, 'Ibabang Talim', 21),
(474, 'Ilayang Dupay', 21),
(475, 'Ilayang Iyam', 21),
(476, 'Ilayang Talim', 21),
(477, 'Isabang', 21),
(478, 'Market View', 21),
(479, 'Mayao Castillo', 21),
(480, 'Mayao Crossing', 21),
(481, 'Mayao Kanluran', 21),
(482, 'Mayao Parada', 21),
(483, 'Mayao Silangan', 21),
(484, 'Ransohan', 21),
(485, 'Salinas', 21),
(486, 'Talao-talao', 21),
(487, 'Alaminos', 22),
(488, 'Bay', 22),
(489, 'Bi?n', 22),
(490, 'Cabuyao', 22),
(491, 'Calamba', 22),
(492, 'Calauan', 22),
(493, 'Cavinti', 22),
(494, 'Famy', 22),
(495, 'Kalayaan', 22),
(496, 'Liliw', 22),
(497, 'Los Ba?s', 22),
(498, 'Luisiana', 22),
(499, 'Lumban', 22),
(500, 'Mabitac', 22),
(501, 'Magdalena', 22),
(502, 'Majayjay', 22),
(503, 'Nagcarlan', 22),
(504, 'Paete', 22),
(505, 'Pagsanjan', 22),
(506, 'Pakil', 22),
(507, 'Pangil', 22),
(508, 'Pila', 22),
(509, 'Rizal', 22),
(510, 'San Pablo', 22),
(511, 'San Pedro', 22),
(512, 'Santa Cruz', 22),
(513, 'Santa Maria', 22),
(514, 'Santa Rosa', 22),
(515, 'Siniloan', 22),
(516, 'Victoria', 22),
(517, 'Agdangan', 23),
(518, 'Alabat', 23),
(519, 'Atimonan', 23),
(520, 'Buenavista', 23),
(521, 'Burdeos', 23),
(522, 'Calauag', 23),
(523, 'Candelaria', 23),
(524, 'Catanauan', 23),
(525, 'Dolores', 23),
(526, 'General Luna', 23),
(527, 'General Nakar', 23),
(528, 'Guinayangan', 23),
(529, 'Gumaca', 23),
(530, 'Infanta', 23),
(531, 'Jomalig', 23),
(532, 'Lopez', 23),
(533, 'Lucban', 23),
(534, 'Macalelon', 23),
(535, 'Mauban', 23),
(536, 'Mulanay', 23),
(537, 'Padre Burgos', 23),
(538, 'Pagbilao', 23),
(539, 'Panukulan', 23),
(540, 'Patnanungan', 23),
(541, 'Perez', 23),
(542, 'Pitogo', 23),
(543, 'Plaridel', 23),
(544, 'Polillo', 23),
(545, 'Quezon', 23),
(546, 'Real', 23),
(547, 'Sampaloc', 23),
(548, 'San Andres', 23),
(549, 'San Antonio', 23),
(550, 'San Francisco', 23),
(551, 'San Narciso', 23),
(552, 'Sariaya', 23),
(553, 'Tagkawayan', 23),
(554, 'Tayabas', 23),
(555, 'Tiaong', 23),
(556, 'Unisan', 23),
(557, 'Angono', 24),
(558, 'Antipolo', 24),
(559, 'Baras', 24),
(560, 'Binangonan', 24),
(561, 'Cainta', 24),
(562, 'Cardona', 24),
(563, 'Jalajala', 24),
(564, 'Morong', 24),
(565, 'Pililla', 24),
(566, 'Rodriguez', 24),
(567, 'San Mateo', 24),
(568, 'Tanay', 24),
(569, 'Taytay', 24),
(570, 'Teresa', 24),
(571, 'Boac', 25),
(572, 'Buenavista', 25),
(573, 'Gasan', 25),
(574, 'Mogpog', 25),
(575, 'Santa Cruz', 25),
(576, 'Torrijos', 25),
(577, 'Abra de Ilog', 26),
(578, 'Calintaan', 26),
(579, 'Looc', 26),
(580, 'Lubang', 26),
(581, 'Magsaysay', 26),
(582, 'Mamburao', 26),
(583, 'Paluan', 26),
(584, 'Rizal', 26),
(585, 'Sablayan', 26),
(586, 'San Jose', 26),
(587, 'Santa Cruz', 26),
(588, 'Baco', 27),
(589, 'Bansud', 27),
(590, 'Bongabong', 27),
(591, 'Bulalacao', 27),
(592, 'Calapan', 27),
(593, 'Gloria', 27),
(594, 'Mansalay', 27),
(595, 'Naujan', 27),
(596, 'Pinamalayan', 27),
(597, 'Pola', 27),
(598, 'Puerto Galera', 27),
(599, 'Roxas', 27),
(600, 'San Teodoro', 27),
(601, 'Socorro', 27),
(602, 'Victoria', 27),
(603, 'Aborlan', 28),
(604, 'Agutaya', 28),
(605, 'Araceli', 28),
(606, 'Balabac', 28),
(607, 'Bataraza', 28),
(608, 'Brooke\'s Point', 28),
(609, 'Busuanga', 28),
(610, 'Cagayancillo', 28),
(611, 'Coron', 28),
(612, 'Culion', 28),
(613, 'Cuyo', 28),
(614, 'Dumaran', 28),
(615, 'El Nido', 28),
(616, 'Kalayaan', 28),
(617, 'Linapacan', 28),
(618, 'Magsaysay', 28),
(619, 'Narra', 28),
(620, 'Quezon', 28),
(621, 'Rizal', 28),
(622, 'Roxas', 28),
(623, 'San Vicente', 28),
(624, 'Sofronio Espa?la', 28),
(625, 'Taytay', 28),
(626, 'Babuyan', 29),
(627, 'Bacungan', 29),
(628, 'Bagong Bayan', 29),
(629, 'Bagong Pag-asa', 29),
(630, 'Bagong Sikat', 29),
(631, 'Bagong Silang', 29),
(632, 'Bahile', 29),
(633, 'Bancao-bancao', 29),
(634, 'Barangay ng mga Mangingisda', 29),
(635, 'Binduyan', 29),
(636, 'Buenavista', 29),
(637, 'Cabayugan', 29),
(638, 'Concepcion', 29),
(639, 'Inagawan', 29),
(640, 'Inagawan Sub-Colony', 29),
(641, 'Irawan', 29),
(642, 'Iwahig', 29),
(643, 'Kalipay', 29),
(644, 'Kamuning', 29),
(645, 'Langogan', 29),
(646, 'Liwanag', 29),
(647, 'Lucbuan', 29),
(648, 'Luzviminda', 29),
(649, 'Mabuhay', 29),
(650, 'Macarascas', 29),
(651, 'Magkakaibigan', 29),
(652, 'Maligaya', 29),
(653, 'Manalo', 29),
(654, 'Mandaragat', 29),
(655, 'Manggahan', 29),
(656, 'Maningning', 29),
(657, 'Maoyon', 29),
(658, 'Marufinas', 29),
(659, 'Maruyogon', 29),
(660, 'Masigla', 29),
(661, 'Masikap', 29),
(662, 'Masipag', 29),
(663, 'Matahimik', 29),
(664, 'Matiyaga', 29),
(665, 'Maunlad', 29),
(666, 'Milagrosa', 29),
(667, 'Model', 29),
(668, 'Montible', 29),
(669, 'Napsan', 29),
(670, 'New Panggangan', 29),
(671, 'Pagkakaisa', 29),
(672, 'Princesa', 29),
(673, 'Salvacion', 29),
(674, 'San Jose', 29),
(675, 'San Manuel', 29),
(676, 'San Miguel', 29),
(677, 'San Pedro', 29),
(678, 'San Rafael', 29),
(679, 'Santa Cruz', 29),
(680, 'Santa Lourdes', 29),
(681, 'Santa Lucia', 29),
(682, 'Santa Monica', 29),
(683, 'Seaside', 29),
(684, 'Sicsican', 29),
(685, 'Simpocan', 29),
(686, 'Tagabinit', 29),
(687, 'Tagburos', 29),
(688, 'Tagumpay', 29),
(689, 'Tanabag', 29),
(690, 'Tanglaw', 29),
(691, 'Tiniguiban', 29),
(692, 'Alcantara', 30),
(693, 'Banton', 30),
(694, 'Cajidiocan', 30),
(695, 'Calatrava', 30),
(696, 'Concepcion', 30),
(697, 'Corcuera', 30),
(698, 'Ferrol', 30),
(699, 'Looc', 30),
(700, 'Magdiwang', 30),
(701, 'Odiongan', 30),
(702, 'Romblon', 30),
(703, 'San Agustin', 30),
(704, 'San Andres', 30),
(705, 'San Fernando', 30),
(706, 'San Jose', 30),
(707, 'Santa Fe', 30),
(708, 'Santa Maria', 30),
(709, 'Bacacay', 31),
(710, 'Camalig', 31),
(711, 'Daraga', 31),
(712, 'Guinobatan', 31),
(713, 'Jovellar', 31),
(714, 'Legazpi', 31),
(715, 'Libon', 31),
(716, 'Ligao', 31),
(717, 'Malilipot', 31),
(718, 'Malinao', 31),
(719, 'Manito', 31),
(720, 'Oas', 31),
(721, 'Pio Duran', 31),
(722, 'Polangui', 31),
(723, 'Rapu-Rapu', 31),
(724, 'Santo Domingo', 31),
(725, 'Tabaco', 31),
(726, 'Tiwi', 31),
(727, 'Basud', 32),
(728, 'Capalonga', 32),
(729, 'Daet', 32),
(730, 'Jose Panganiban', 32),
(731, 'Labo', 32),
(732, 'Mercedes', 32),
(733, 'Paracale', 32),
(734, 'San Lorenzo Ruiz', 32),
(735, 'San Vicente', 32),
(736, 'Santa Elena', 32),
(737, 'Talisay', 32),
(738, 'Vinzons', 32),
(739, 'Baao', 33),
(740, 'Balatan', 33),
(741, 'Bato', 33),
(742, 'Bombon', 33),
(743, 'Buhi', 33),
(744, 'Bula', 33),
(745, 'Cabusao', 33),
(746, 'Calabanga', 33),
(747, 'Camaligan', 33),
(748, 'Canaman', 33),
(749, 'Caramoan', 33),
(750, 'Del Gallego', 33),
(751, 'Gainza', 33),
(752, 'Garchitorena', 33),
(753, 'Goa', 33),
(754, 'Iriga', 33),
(755, 'Lagonoy', 33),
(756, 'Libmanan', 33),
(757, 'Lupi', 33),
(758, 'Magarao', 33),
(759, 'Milaor', 33),
(760, 'Minalabac', 33),
(761, 'Nabua', 33),
(762, 'Naga', 33),
(763, 'Ocampo', 33),
(764, 'Pamplona', 33),
(765, 'Pasacao', 33),
(766, 'Pili', 33),
(767, 'Presentacion', 33),
(768, 'Ragay', 33),
(769, 'Sag?y', 33),
(770, 'San Fernando', 33),
(771, 'San Jose', 33),
(772, 'Sipocot', 33),
(773, 'Siruma', 33),
(774, 'Tigaon', 33),
(775, 'Tinambac', 33),
(776, 'Bagamanoc', 34),
(777, 'Baras', 34),
(778, 'Bato', 34),
(779, 'Caramoran', 34),
(780, 'Gigmoto', 34),
(781, 'Pandan', 34),
(782, 'Panganiban', 34),
(783, 'San Andres', 34),
(784, 'San Miguel', 34),
(785, 'Viga', 34),
(786, 'Virac', 34),
(787, 'Aroroy', 35),
(788, 'Baleno', 35),
(789, 'Balud', 35),
(790, 'Batuan', 35),
(791, 'Cataingan', 35),
(792, 'Cawayan', 35),
(793, 'Claveria', 35),
(794, 'Dimasalang', 35),
(795, 'Esperanza', 35),
(796, 'Mandaon', 35),
(797, 'Masbate City', 35),
(798, 'Milagros', 35),
(799, 'Mobo', 35),
(800, 'Monreal', 35),
(801, 'Palanas', 35),
(802, 'Pio V. Corpuz', 35),
(803, 'Placer', 35),
(804, 'San Fernando', 35),
(805, 'San Jacinto', 35),
(806, 'San Pascual', 35),
(807, 'Uson', 35),
(808, 'Barcelona', 36),
(809, 'Bulan', 36),
(810, 'Bulusan', 36),
(811, 'Casiguran', 36),
(812, 'Castilla', 36),
(813, 'Donsol', 36),
(814, 'Gubat', 36),
(815, 'Irosin', 36),
(816, 'Juban', 36),
(817, 'Magallanes', 36),
(818, 'Matnog', 36),
(819, 'Pilar', 36),
(820, 'Prieto Diaz', 36),
(821, 'Santa Magdalena', 36),
(822, 'Sorsogon City', 36),
(823, 'Altavas', 37),
(824, 'Balete', 37),
(825, 'Banga', 37),
(826, 'Batan', 37),
(827, 'Buruanga', 37),
(828, 'Ibajay', 37),
(829, 'Kalibo', 37),
(830, 'Lezo', 37),
(831, 'Libacao', 37),
(832, 'Madalag', 37),
(833, 'Makato', 37),
(834, 'Malay', 37),
(835, 'Malinao', 37),
(836, 'Nabas', 37),
(837, 'New Washington', 37),
(838, 'Numancia', 37),
(839, 'Tangalan', 37),
(840, 'Anini-y', 38),
(841, 'Barbaza', 38),
(842, 'Belison', 38),
(843, 'Bugasong', 38),
(844, 'Caluya', 38),
(845, 'Culasi', 38),
(846, 'Hamtic', 38),
(847, 'Laua-an', 38),
(848, 'Libertad', 38),
(849, 'Pandan', 38),
(850, 'Patnongon', 38),
(851, 'San Jose de Buenavista', 38),
(852, 'San Remigio', 38),
(853, 'Sebaste', 38),
(854, 'Sibalom', 38),
(855, 'Tibiao', 38),
(856, 'Tobias Fornier', 38),
(857, 'Valderrama', 38),
(858, 'Bacolod', 39),
(859, 'Cuartero', 40),
(860, 'Dao', 40),
(861, 'Dumalag', 40),
(862, 'Dumarao', 40),
(863, 'Ivisan', 40),
(864, 'Jamindan', 40),
(865, 'Maayon', 40),
(866, 'Mambusao', 40),
(867, 'Panay', 40),
(868, 'Panitan', 40),
(869, 'Pilar', 40),
(870, 'Pontevedra', 40),
(871, 'President Roxas', 40),
(872, 'Roxas City', 40),
(873, 'Sapian', 40),
(874, 'Sigma', 40),
(875, 'Tapaz', 40),
(876, 'Buenavista', 41),
(877, 'Jordan', 41),
(878, 'Nueva Valencia', 41),
(879, 'San Lorenzo', 41),
(880, 'Sibunag', 41),
(881, 'Ajuy', 42),
(882, 'Alimodian', 42),
(883, 'Anilao', 42),
(884, 'Badiangan', 42),
(885, 'Balasan', 42),
(886, 'Banate', 42),
(887, 'Barotac Nuevo', 42),
(888, 'Barotac Viejo', 42),
(889, 'Batad', 42),
(890, 'Bingawan', 42),
(891, 'Cabatuan', 42),
(892, 'Calinog', 42),
(893, 'Carles', 42),
(894, 'Concepcion', 42),
(895, 'Dingle', 42),
(896, 'Due?as', 42),
(897, 'Dumangas', 42),
(898, 'Estancia', 42),
(899, 'Guimbal', 42),
(900, 'Igbaras', 42),
(901, 'Janiuay', 42),
(902, 'Lambunao', 42),
(903, 'Leganes', 42),
(904, 'Lemery', 42),
(905, 'Leon', 42),
(906, 'Maasin', 42),
(907, 'Miagao', 42),
(908, 'Mina', 42),
(909, 'New Lucena', 42),
(910, 'Oton', 42),
(911, 'Passi', 42),
(912, 'Pavia', 42),
(913, 'Pototan', 42),
(914, 'San Dionisio', 42),
(915, 'San Enrique', 42),
(916, 'San Joaquin', 42),
(917, 'San Miguel', 42),
(918, 'San Rafael', 42),
(919, 'Santa Barbara', 42),
(920, 'Sara', 42),
(921, 'Tigbauan', 42),
(922, 'Tubungan', 42),
(923, 'Zarraga', 42),
(924, 'Iloilo City', 43),
(925, 'Bago', 44),
(926, 'Binalbagan', 44),
(927, 'Cadiz', 44),
(928, 'Calatrava', 44),
(929, 'Candoni', 44),
(930, 'Cauayan', 44),
(931, 'Enrique B. Magalona', 44),
(932, 'Escalante', 44),
(933, 'Himamaylan', 44),
(934, 'Hinigaran', 44),
(935, 'Hinoba-an', 44),
(936, 'Ilog', 44),
(937, 'Isabela', 44),
(938, 'Kabankalan', 44),
(939, 'La Carlota', 44),
(940, 'La Castellana', 44),
(941, 'Manapla', 44),
(942, 'Moises Padilla', 44),
(943, 'Murcia', 44),
(944, 'Pontevedra', 44),
(945, 'Pulupandan', 44),
(946, 'Sagay', 44),
(947, 'Salvador Benedicto', 44),
(948, 'San Carlos', 44),
(949, 'San Enrique', 44),
(950, 'Silay', 44),
(951, 'Sipalay', 44),
(952, 'Talisay', 44),
(953, 'Toboso', 44),
(954, 'Valladolid', 44),
(955, 'Victorias', 44),
(956, 'Alburquerque', 45),
(957, 'Alicia', 45),
(958, 'Anda', 45),
(959, 'Antequera', 45),
(960, 'Baclayon', 45),
(961, 'Balilihan', 45),
(962, 'Batuan', 45),
(963, 'Bien Unido', 45),
(964, 'Bilar', 45),
(965, 'Buenavista', 45),
(966, 'Calape', 45),
(967, 'Candijay', 45),
(968, 'Carmen', 45),
(969, 'Catigbian', 45),
(970, 'Clarin', 45),
(971, 'Corella', 45),
(972, 'Cortes', 45),
(973, 'Dagohoy', 45),
(974, 'Danao', 45),
(975, 'Dauis', 45),
(976, 'Dimiao', 45),
(977, 'Duero', 45),
(978, 'Garcia Hernandez', 45),
(979, 'Getafe', 45),
(980, 'Guindulman', 45),
(981, 'Inabanga', 45),
(982, 'Jagna', 45),
(983, 'Lila', 45),
(984, 'Loay', 45),
(985, 'Loboc', 45),
(986, 'Loon', 45),
(987, 'Mabini', 45),
(988, 'Maribojoc', 45),
(989, 'Panglao', 45),
(990, 'Pilar', 45),
(991, 'President Carlos P. Garcia', 45),
(992, 'Sagbayan', 45),
(993, 'San Isidro', 45),
(994, 'San Miguel', 45),
(995, 'Sevilla', 45),
(996, 'Sierra Bullones', 45),
(997, 'Sikatuna', 45),
(998, 'Tagbilaran', 45),
(999, 'Talibon', 45),
(1000, 'Trinidad', 45),
(1001, 'Tubigon', 45),
(1002, 'Ubay', 45),
(1003, 'Valencia', 45),
(1004, 'Alcantara', 46),
(1005, 'Alcoy', 46),
(1006, 'Alegria', 46),
(1007, 'Aloguinsan', 46),
(1008, 'Argao', 46),
(1009, 'Asturias', 46),
(1010, 'Badian', 46),
(1011, 'Balamban', 46),
(1012, 'Bantayan', 46),
(1013, 'Barili', 46),
(1014, 'Bogo', 46),
(1015, 'Boljoon', 46),
(1016, 'Borbon', 46),
(1017, 'Carcar', 46),
(1018, 'Carmen', 46),
(1019, 'Catmon', 46),
(1020, 'Compostela', 46),
(1021, 'Consolacion', 46),
(1022, 'Cordova', 46),
(1023, 'Daanbantayan', 46),
(1024, 'Dalaguete', 46),
(1025, 'Danao', 46),
(1026, 'Dumanjug', 46),
(1027, 'Ginatilan', 46),
(1028, 'Liloan', 46),
(1029, 'Madridejos', 46),
(1030, 'Malabuyoc', 46),
(1031, 'Medellin', 46),
(1032, 'Minglanilla', 46),
(1033, 'Moalboal', 46),
(1034, 'Naga', 46),
(1035, 'Oslob', 46),
(1036, 'Pilar', 46),
(1037, 'Pinamungajan', 46),
(1038, 'Poro', 46),
(1039, 'Ronda', 46),
(1040, 'Samboan', 46),
(1041, 'San Fernando', 46),
(1042, 'San Francisco', 46),
(1043, 'San Remigio', 46),
(1044, 'Santa Fe', 46),
(1045, 'Santander', 46),
(1046, 'Sibonga', 46),
(1047, 'Sogod', 46),
(1048, 'Tabogon', 46),
(1049, 'Tabuelan', 46),
(1050, 'Talisay', 46),
(1051, 'Toledo', 46),
(1052, 'Tuburan', 46),
(1053, 'Tudela', 46),
(1054, 'Cebu City', 47),
(1055, 'Lapu-Lapu', 48),
(1056, 'Mandaue', 49),
(1057, 'Amlan', 50),
(1058, 'Ayungon', 50),
(1059, 'Bacong', 50),
(1060, 'Bais', 50),
(1061, 'Basay', 50),
(1062, 'Bayawan', 50),
(1063, 'Bindoy', 50),
(1064, 'Canlaon', 50),
(1065, 'Dauin', 50),
(1066, 'Dumaguete', 50),
(1067, 'Guihulngan', 50),
(1068, 'Jimalalud', 50),
(1069, 'La Libertad', 50),
(1070, 'Mabinay', 50),
(1071, 'Manjuyod', 50),
(1072, 'Pamplona', 50),
(1073, 'San Jose', 50),
(1074, 'Santa Catalina', 50),
(1075, 'Siaton', 50),
(1076, 'Sibulan', 50),
(1077, 'Tanjay', 50),
(1078, 'Tayasan', 50),
(1079, 'Valencia', 50),
(1080, 'Vallehermoso', 50),
(1081, 'Zamboanguita', 50),
(1082, 'Enrique Villanueva', 51),
(1083, 'Larena', 51),
(1084, 'Lazi', 51),
(1085, 'Maria', 51),
(1086, 'San Juan', 51),
(1087, 'Siquijor', 51),
(1088, 'Almeria', 52),
(1089, 'Biliran', 52),
(1090, 'Cabucgayan', 52),
(1091, 'Caibiran', 52),
(1092, 'Culaba', 52),
(1093, 'Kawayan', 52),
(1094, 'Maripipi', 52),
(1095, 'Naval', 52),
(1096, 'Arteche', 53),
(1097, 'Balangiga', 53),
(1098, 'Balangkayan', 53),
(1099, 'Borongan', 53),
(1100, 'Can-avid', 53),
(1101, 'Dolores', 53),
(1102, 'General MacArthur', 53),
(1103, 'Giporlos', 53),
(1104, 'Guiuan', 53),
(1105, 'Hernani', 53),
(1106, 'Jipapad', 53),
(1107, 'Lawaan', 53),
(1108, 'Llorente', 53),
(1109, 'Maslog', 53),
(1110, 'Maydolong', 53),
(1111, 'Mercedes', 53),
(1112, 'Oras', 53),
(1113, 'Quinapondan', 53),
(1114, 'Salcedo', 53),
(1115, 'San Julian', 53),
(1116, 'San Policarpo', 53),
(1117, 'Sulat', 53),
(1118, 'Taft', 53),
(1119, 'Abuyog', 54),
(1120, 'Alangalang', 54),
(1121, 'Albuera', 54),
(1122, 'Babatngon', 54),
(1123, 'Barugo', 54),
(1124, 'Bato', 54),
(1125, 'Baybay', 54),
(1126, 'Burauen', 54),
(1127, 'Calubian', 54),
(1128, 'Capoocan', 54),
(1129, 'Carigara', 54),
(1130, 'Dagami', 54),
(1131, 'Dulag', 54),
(1132, 'Hilongos', 54),
(1133, 'Hindang', 54),
(1134, 'Inopacan', 54),
(1135, 'Isabel', 54),
(1136, 'Jaro', 54),
(1137, 'Javier', 54),
(1138, 'Julita', 54),
(1139, 'Kananga', 54),
(1140, 'La Paz', 54),
(1141, 'Leyte', 54),
(1142, 'MacArthur', 54),
(1143, 'Mahaplag', 54),
(1144, 'Matag-ob', 54),
(1145, 'Matalom', 54),
(1146, 'Mayorga', 54),
(1147, 'Merida', 54),
(1148, 'Ormoc', 54),
(1149, 'Palo', 54),
(1150, 'Palompon', 54),
(1151, 'Pastrana', 54),
(1152, 'San Isidro', 54),
(1153, 'San Miguel', 54),
(1154, 'Santa Fe', 54),
(1155, 'Tabango', 54),
(1156, 'Tabontabon', 54),
(1157, 'Tanauan', 54),
(1158, 'Tolosa', 54),
(1159, 'Tunga', 54),
(1160, 'Villaba', 54),
(1161, 'Allen', 55),
(1162, 'Biri', 55),
(1163, 'Bobon', 55),
(1164, 'Capul', 55),
(1165, 'Catarman', 55),
(1166, 'Catubig', 55),
(1167, 'Gamay', 55),
(1168, 'Laoang', 55),
(1169, 'Lapinig', 55),
(1170, 'Las Navas', 55),
(1171, 'Lavezares', 55),
(1172, 'Lope de Vega', 55),
(1173, 'Mapanas', 55),
(1174, 'Mondragon', 55),
(1175, 'Palapag', 55),
(1176, 'Pambujan', 55),
(1177, 'Rosario', 55),
(1178, 'San Antonio', 55),
(1179, 'San Isidro', 55),
(1180, 'San Jose', 55),
(1181, 'San Roque', 55),
(1182, 'San Vicente', 55),
(1183, 'Silvino Lobos', 55),
(1184, 'Victoria', 55),
(1185, 'Almagro', 56),
(1186, 'Basey', 56),
(1187, 'Calbayog', 56),
(1188, 'Calbiga', 56),
(1189, 'Catbalogan', 56),
(1190, 'Daram', 56),
(1191, 'Gandara', 56),
(1192, 'Hinabangan', 56),
(1193, 'Jiabong', 56),
(1194, 'Marabut', 56),
(1195, 'Matuguinao', 56),
(1196, 'Motiong', 56),
(1197, 'Pagsanghan', 56),
(1198, 'Paranas', 56),
(1199, 'Pinabacdao', 56),
(1200, 'San Jorge', 56),
(1201, 'San Jose de Buan', 56),
(1202, 'San Sebastian', 56),
(1203, 'Santa Margarita', 56),
(1204, 'Santa Rita', 56),
(1205, 'Santo Ni?o', 56),
(1206, 'Tagapul-an', 56),
(1207, 'Talalora', 56),
(1208, 'Tarangnan', 56),
(1209, 'Villareal', 56),
(1210, 'Zumarraga', 56),
(1211, 'Anahawan', 57),
(1212, 'Bontoc', 57),
(1213, 'Hinunangan', 57),
(1214, 'Hinundayan', 57),
(1215, 'Libagon', 57),
(1216, 'Liloan', 57),
(1217, 'Limasawa', 57),
(1218, 'Maasin', 57),
(1219, 'Macrohon', 57),
(1220, 'Malitbog', 57),
(1221, 'Padre Burgos', 57),
(1222, 'Pintuyan', 57),
(1223, 'Saint Bernard', 57),
(1224, 'San Francisco', 57),
(1225, 'San Juan', 57),
(1226, 'San Ricardo', 57),
(1227, 'Silago', 57),
(1228, 'Sogod', 57),
(1229, 'Tomas Oppus', 57),
(1230, 'Tacloban', 58),
(1231, 'Isabela City', 59),
(1232, 'Zamboanga City', 60),
(1233, 'Baliguian', 61),
(1234, 'Dapitan', 61),
(1235, 'Dipolog', 61),
(1236, 'Godod', 61),
(1237, 'Gutalac', 61),
(1238, 'Jose Dalman', 61),
(1239, 'Kalawit', 61),
(1240, 'Katipunan', 61),
(1241, 'La Libertad', 61),
(1242, 'Labason', 61),
(1243, 'Leon B. Postigo', 61),
(1244, 'Liloy', 61),
(1245, 'Manukan', 61),
(1246, 'Mutia', 61),
(1247, 'Pi?n', 61),
(1248, 'Polanco', 61),
(1249, 'President Manuel A. Roxas', 61),
(1250, 'Rizal', 61),
(1251, 'Salug', 61),
(1252, 'Sergio Osme? Sr.', 61),
(1253, 'Siayan', 61),
(1254, 'Sibuco', 61),
(1255, 'Sibutad', 61),
(1256, 'Sindangan', 61),
(1257, 'Siocon', 61),
(1258, 'Sirawai', 61),
(1259, 'Tampilisan', 61),
(1260, 'Aurora', 62),
(1261, 'Bayog', 62),
(1262, 'Dimataling', 62),
(1263, 'Dinas', 62),
(1264, 'Dumalinao', 62),
(1265, 'Dumingag', 62),
(1266, 'Guipos', 62),
(1267, 'Josefina', 62),
(1268, 'Kumalarang', 62),
(1269, 'Labangan', 62),
(1270, 'Lakewood', 62),
(1271, 'Lapuyan', 62),
(1272, 'Mahayag', 62),
(1273, 'Margosatubig', 62),
(1274, 'Midsalip', 62),
(1275, 'Molave', 62),
(1276, 'Pagadian', 62),
(1277, 'Pitogo', 62),
(1278, 'Ramon Magsaysay', 62),
(1279, 'San Miguel', 62),
(1280, 'San Pablo', 62),
(1281, 'Sominot', 62),
(1282, 'Tabina', 62),
(1283, 'Tambulig', 62),
(1284, 'Tigbao', 62),
(1285, 'Tukuran', 62),
(1286, 'Vincenzo A. Sagun', 62),
(1287, 'Alicia', 63),
(1288, 'Buug', 63),
(1289, 'Diplahan', 63),
(1290, 'Imelda', 63),
(1291, 'Ipil', 63),
(1292, 'Kabasalan', 63),
(1293, 'Mabuhay', 63),
(1294, 'Malangas', 63),
(1295, 'Naga', 63),
(1296, 'Olutanga', 63),
(1297, 'Payao', 63),
(1298, 'Roseller Lim', 63),
(1299, 'Siay', 63),
(1300, 'Talusan', 63),
(1301, 'Titay', 63),
(1302, 'Tungawan', 63),
(1303, 'Baungon', 64),
(1304, 'Cabanglasan', 64),
(1305, 'Damulog', 64),
(1306, 'Dangcagan', 64),
(1307, 'Don Carlos', 64),
(1308, 'Impasugong', 64),
(1309, 'Kadingilan', 64),
(1310, 'Kalilangan', 64),
(1311, 'Kibawe', 64),
(1312, 'Kitaotao', 64),
(1313, 'Lantapan', 64),
(1314, 'Libona', 64),
(1315, 'Malaybalay', 64),
(1316, 'Malitbog', 64),
(1317, 'Manolo Fortich', 64),
(1318, 'Maramag', 64),
(1319, 'Pangantucan', 64),
(1320, 'Quezon', 64),
(1321, 'San Fernando', 64),
(1322, 'Sumilao', 64),
(1323, 'Talakag', 64),
(1324, 'Valencia', 64),
(1325, 'Cagayan de Oro', 65),
(1326, 'Catarman', 66),
(1327, 'Guinsiliban', 66),
(1328, 'Mahinog', 66),
(1329, 'Mambajao', 66),
(1330, 'Sagay', 66),
(1331, 'Iligan', 67),
(1332, 'Bacolod', 68),
(1333, 'Baloi', 68),
(1334, 'Baroy', 68),
(1335, 'Kapatagan', 68),
(1336, 'Kauswagan', 68),
(1337, 'Kolambugan', 68),
(1338, 'Lala', 68),
(1339, 'Linamon', 68),
(1340, 'Magsaysay', 68),
(1341, 'Maigo', 68),
(1342, 'Matungao', 68),
(1343, 'Munai', 68),
(1344, 'Nunungan', 68),
(1345, 'Pantao Ragat', 68),
(1346, 'Pantar', 68),
(1347, 'Poona Piagapo', 68),
(1348, 'Salvador', 68),
(1349, 'Sapad', 68),
(1350, 'Sultan Naga Dimaporo', 68),
(1351, 'Tagoloan', 68),
(1352, 'Tangcal', 68),
(1353, 'Tubod', 68),
(1354, 'Aloran', 69),
(1355, 'Baliangao', 69),
(1356, 'Bonifacio', 69),
(1357, 'Calamba', 69),
(1358, 'Clarin', 69),
(1359, 'Concepcion', 69),
(1360, 'Don Victoriano Chiongbian', 69),
(1361, 'Jimenez', 69),
(1362, 'Lopez Jaena', 69),
(1363, 'Oroquieta', 69),
(1364, 'Ozamiz', 69),
(1365, 'Panaon', 69),
(1366, 'Plaridel', 69),
(1367, 'Sapang Dalaga', 69),
(1368, 'Sinacaban', 69),
(1369, 'Tangub', 69),
(1370, 'Tudela', 69),
(1371, 'Alubijid', 70),
(1372, 'Balingasag', 70),
(1373, 'Balingoan', 70),
(1374, 'Binuangan', 70),
(1375, 'Claveria', 70),
(1376, 'El Salvador', 70),
(1377, 'Gingoog', 70),
(1378, 'Gitagum', 70),
(1379, 'Initao', 70),
(1380, 'Jasaan', 70),
(1381, 'Kinoguitan', 70),
(1382, 'Lagonglong', 70),
(1383, 'Laguindingan', 70),
(1384, 'Libertad', 70),
(1385, 'Lugait', 70),
(1386, 'Magsaysay', 70),
(1387, 'Manticao', 70),
(1388, 'Medina', 70),
(1389, 'Naawan', 70),
(1390, 'Opol', 70),
(1391, 'Salay', 70),
(1392, 'Sugbongcogon', 70),
(1393, 'Tagoloan', 70),
(1394, 'Talisayan', 70),
(1395, 'Villanueva', 70),
(1396, 'Compostela', 71),
(1397, 'Laak', 71),
(1398, 'Mabini', 71),
(1399, 'Maco', 71),
(1400, 'Maragusan', 71),
(1401, 'Mawab', 71),
(1402, 'Monkayo', 71),
(1403, 'Montevista', 71),
(1404, 'Nabunturan', 71),
(1405, 'New Bataan', 71),
(1406, 'Pantukan', 71),
(1407, 'Davao City', 72),
(1408, 'Asuncion', 73),
(1409, 'Braulio E. Dujali', 73),
(1410, 'Carmen', 73),
(1411, 'Kapalong', 73),
(1412, 'New Corella', 73),
(1413, 'Panabo', 73),
(1414, 'Samal', 73),
(1415, 'San Isidro', 73),
(1416, 'Santo Tomas', 73),
(1417, 'Tagum', 73),
(1418, 'Talaingod', 73),
(1419, 'Bansalan', 74),
(1420, 'Digos', 74),
(1421, 'Hagonoy', 74),
(1422, 'Kiblawan', 74),
(1423, 'Magsaysay', 74),
(1424, 'Malalag', 74),
(1425, 'Matanao', 74),
(1426, 'Padada', 74),
(1427, 'Santa Cruz', 74),
(1428, 'Sulop', 74),
(1429, 'Don Marcelino', 75),
(1430, 'Jose Abad Santos', 75),
(1431, 'Malita', 75),
(1432, 'Santa Maria', 75),
(1433, 'Sarangani', 75),
(1434, 'Baganga', 76),
(1435, 'Banaybanay', 76),
(1436, 'Boston', 76),
(1437, 'Caraga', 76),
(1438, 'Cateel', 76),
(1439, 'Governor Generoso', 76),
(1440, 'Lupon', 76),
(1441, 'Manay', 76),
(1442, 'Mati', 76),
(1443, 'San Isidro', 76),
(1444, 'Tarragona', 76),
(1445, 'Alamada', 77),
(1446, 'Aleosan', 77),
(1447, 'Antipas', 77),
(1448, 'Arakan', 77),
(1449, 'Banisilan', 77),
(1450, 'Carmen', 77),
(1451, 'Kabacan', 77),
(1452, 'Kidapawan', 77),
(1453, 'Libungan', 77),
(1454, 'Magpet', 77),
(1455, 'Makilala', 77),
(1456, 'Matalam', 77),
(1457, 'Midsayap', 77),
(1458, 'M\'lang', 77),
(1459, 'Pigcawayan', 77),
(1460, 'Pikit', 77),
(1461, 'President Roxas', 77),
(1462, 'Tulunan', 77),
(1463, 'Cotabato City', 78),
(1464, 'General Santos', 79),
(1465, 'Alabel', 80),
(1466, 'Glan', 80),
(1467, 'Kiamba', 80),
(1468, 'Maasim', 80),
(1469, 'Maitum', 80),
(1470, 'Malapatan', 80),
(1471, 'Malungon', 80),
(1472, 'Banga', 81),
(1473, 'Koronadal', 81),
(1474, 'Lake Sebu', 81),
(1475, 'Norala', 81),
(1476, 'Polomolok', 81),
(1477, 'Santo Ni?', 81),
(1478, 'Surallah', 81),
(1479, 'Tampakan', 81),
(1480, 'Tantangan', 81),
(1481, 'T\'Boli', 81),
(1482, 'Tupi', 81),
(1483, 'Bagumbayan', 82),
(1484, 'Columbio', 82),
(1485, 'Esperanza', 82),
(1486, 'Isulan', 82),
(1487, 'Kalamansig', 82),
(1488, 'Lambayong', 82),
(1489, 'Lebak', 82),
(1490, 'Lutayan', 82),
(1491, 'Palimbang', 82),
(1492, 'President Quirino', 82),
(1493, 'Senator Ninoy Aquino', 82),
(1494, 'Tacurong', 82),
(1495, 'Buenavista', 83),
(1496, 'Cabadbaran', 83),
(1497, 'Carmen', 83),
(1498, 'Jabonga', 83),
(1499, 'Kitcharao', 83),
(1500, 'Las Nieves', 83),
(1501, 'Magallanes', 83),
(1502, 'Nasipit', 83),
(1503, 'Remedios T. Romualdez', 83),
(1504, 'Santiago', 83),
(1505, 'Tubay', 83),
(1506, 'Bayugan', 84),
(1507, 'Bunawan', 84),
(1508, 'Esperanza', 84),
(1509, 'La Paz', 84),
(1510, 'Loreto', 84),
(1511, 'Prosperidad', 84),
(1512, 'Rosario', 84),
(1513, 'San Francisco', 84),
(1514, 'San Luis', 84),
(1515, 'Santa Josefa', 84),
(1516, 'Sibagat', 84),
(1517, 'Talacogon', 84),
(1518, 'Trento', 84),
(1519, 'Veruela', 84),
(1520, 'Butuan', 85),
(1521, 'Basilisa', 86),
(1522, 'Cagdianao', 86),
(1523, 'Dinagat', 86),
(1524, 'Libjo', 86),
(1525, 'Loreto', 86),
(1526, 'San Jose', 86),
(1527, 'Tubajon', 86),
(1528, 'Alegria', 87),
(1529, 'Bacuag', 87),
(1530, 'Burgos', 87),
(1531, 'Claver', 87),
(1532, 'Dapa', 87),
(1533, 'Del Carmen', 87),
(1534, 'General Luna', 87),
(1535, 'Gigaquit', 87),
(1536, 'Mainit', 87),
(1537, 'Malimono', 87),
(1538, 'Pilar', 87),
(1539, 'Placer', 87),
(1540, 'San Benito', 87),
(1541, 'San Francisco', 87),
(1542, 'San Isidro', 87),
(1543, 'Santa Monica', 87),
(1544, 'Sison', 87),
(1545, 'Socorro', 87),
(1546, 'Surigao City', 87),
(1547, 'Tagana-an', 87),
(1548, 'Tubod', 87),
(1549, 'Barobo', 88),
(1550, 'Bayabas', 88),
(1551, 'Bislig', 88),
(1552, 'Cagwait', 88),
(1553, 'Cantilan', 88),
(1554, 'Carmen', 88),
(1555, 'Carrascal', 88),
(1556, 'Cortes', 88),
(1557, 'Hinatuan', 88),
(1558, 'Lanuza', 88),
(1559, 'Lianga', 88),
(1560, 'Lingig', 88),
(1561, 'Madrid', 88),
(1562, 'Marihatag', 88),
(1563, 'San Agustin', 88),
(1564, 'San Miguel', 88),
(1565, 'Tagbina', 88),
(1566, 'Tago', 88),
(1567, 'Tandag', 88),
(1568, 'Caloocan', 89),
(1569, 'Las Pinas', 90),
(1570, 'Makati', 91),
(1571, 'Malabon', 92),
(1572, 'Mandaluyong', 93),
(1573, 'Manila', 94),
(1574, 'Marikina', 95),
(1575, 'Muntinlupa', 96),
(1576, 'Navotas', 97),
(1577, 'Paranaque', 98),
(1578, 'Pasay', 99),
(1579, 'Pasig', 100),
(1580, 'Pateros', 101),
(1581, 'Quezon City', 102),
(1582, 'San Juan', 103),
(1583, 'Taguig', 104),
(1584, 'Valenzuela', 105),
(1585, 'Bangued', 106),
(1586, 'Boliney', 106),
(1587, 'Bucay', 106),
(1588, 'Bucloc', 106),
(1589, 'Daguioman', 106),
(1590, 'Danglas', 106),
(1591, 'Dolores', 106),
(1592, 'La Paz', 106),
(1593, 'Lacub', 106),
(1594, 'Lagangilang', 106),
(1595, 'Lagayan', 106),
(1596, 'Langiden', 106),
(1597, 'Licuan-Baay', 106),
(1598, 'Luba', 106),
(1599, 'Malibcong', 106),
(1600, 'Manabo', 106),
(1601, 'Pe?arrubia', 106),
(1602, 'Pidigan', 106),
(1603, 'Pilar', 106),
(1604, 'Sallapadan', 106),
(1605, 'San Isidro', 106),
(1606, 'San Juan', 106),
(1607, 'San Quintin', 106),
(1608, 'Tayum', 106),
(1609, 'Tineg', 106),
(1610, 'Tubo', 106),
(1611, 'Villaviciosa', 106),
(1612, 'Calanasan', 107),
(1613, 'Conner', 107),
(1614, 'Flora', 107),
(1615, 'Kabugao', 107),
(1616, 'Luna', 107),
(1617, 'Pudtol', 107),
(1618, 'Santa Marcela', 107),
(1619, 'Baguio', 108),
(1620, 'Atok', 109),
(1621, 'Bakun', 109),
(1622, 'Bokod', 109),
(1623, 'Buguias', 109),
(1624, 'Itogon', 109),
(1625, 'Kabayan', 109),
(1626, 'Kapangan', 109),
(1627, 'Kibungan', 109),
(1628, 'La Trinidad', 109),
(1629, 'Mankayan', 109),
(1630, 'Sablan', 109),
(1631, 'Tuba', 109),
(1632, 'Tublay', 109),
(1633, 'Aguinaldo', 110),
(1634, 'Alfonso Lista', 110),
(1635, 'Asipulo', 110),
(1636, 'Banaue', 110),
(1637, 'Hingyon', 110),
(1638, 'Hungduan', 110),
(1639, 'Kiangan', 110),
(1640, 'Lagawe', 110),
(1641, 'Lamut', 110),
(1642, 'Mayoyao', 110),
(1643, 'Tinoc', 110),
(1644, 'Balbalan', 111),
(1645, 'Lubuagan', 111),
(1646, 'Pasil', 111),
(1647, 'Pinukpuk', 111),
(1648, 'Rizal', 111),
(1649, 'Tabuk', 111),
(1650, 'Tanudan', 111),
(1651, 'Tinglayan', 111),
(1652, 'Barlig', 112),
(1653, 'Bauko', 112),
(1654, 'Besao', 112),
(1655, 'Bontoc', 112),
(1656, 'Natonin', 112),
(1657, 'Paracelis', 112),
(1658, 'Sabangan', 112),
(1659, 'Sadanga', 112),
(1660, 'Sagada', 112),
(1661, 'Tadian', 112),
(1662, 'Akbar', 113),
(1663, 'Al-Barka', 113),
(1664, 'Hadji Mohammad Ajul', 113),
(1665, 'Hadji Muhtamad', 113),
(1666, 'Isabela City', 113),
(1667, 'Lamitan', 113),
(1668, 'Lantawan', 113),
(1669, 'Maluso', 113),
(1670, 'Sumisip', 113),
(1671, 'Tabuan-Lasa', 113),
(1672, 'Tipo-Tipo', 113),
(1673, 'Tuburan', 113),
(1674, 'Ungkaya Pukan', 113),
(1675, 'Amai Manabilang', 114),
(1676, 'Bacolod-Kalawi', 114),
(1677, 'Balabagan', 114),
(1678, 'Balindong', 114),
(1679, 'Bayang', 114),
(1680, 'Binidayan', 114),
(1681, 'Buadiposo-Buntong', 114),
(1682, 'Bubong', 114),
(1683, 'Butig', 114),
(1684, 'Calanogas', 114),
(1685, 'Ditsaan-Ramain', 114),
(1686, 'Ganassi', 114),
(1687, 'Kapai', 114),
(1688, 'Kapatagan', 114),
(1689, 'Lumba-Bayabao', 114),
(1690, 'Lumbaca-Unayan', 114),
(1691, 'Lumbatan', 114),
(1692, 'Lumbayanague', 114),
(1693, 'Madalum', 114),
(1694, 'Madamba', 114),
(1695, 'Maguing', 114),
(1696, 'Malabang', 114),
(1697, 'Marantao', 114),
(1698, 'Marawi', 114),
(1699, 'Marogong', 114),
(1700, 'Masiu', 114),
(1701, 'Mulondo', 114),
(1702, 'Pagayawan', 114),
(1703, 'Piagapo', 114),
(1704, 'Picong', 114),
(1705, 'Poona Bayabao', 114),
(1706, 'Pualas', 114),
(1707, 'Saguiaran', 114),
(1708, 'Sultan Dumalondong', 114),
(1709, 'Tagoloan II', 114),
(1710, 'Tamparan', 114),
(1711, 'Taraka', 114),
(1712, 'Tubaran', 114),
(1713, 'Tugaya', 114),
(1714, 'Wao', 114),
(1715, 'Ampatuan', 115),
(1716, 'Barira', 115),
(1717, 'Buldon', 115),
(1718, 'Buluan', 115),
(1719, 'Datu Abdullah Sangki', 115),
(1720, 'Datu Anggal Midtimbang', 115),
(1721, 'Datu Blah T. Sinsuat', 115),
(1722, 'Datu Hoffer Ampatuan', 115),
(1723, 'Datu Montawal', 115),
(1724, 'Datu Odin Sinsuat', 115),
(1725, 'Datu Paglas', 115),
(1726, 'Datu Piang', 115),
(1727, 'Datu Salibo', 115),
(1728, 'Datu Saudi-Ampatuan', 115),
(1729, 'Datu Unsay', 115),
(1730, 'General Salipada K. Pendatun', 115),
(1731, 'Guindulungan', 115),
(1732, 'Kabuntalan', 115),
(1733, 'Mamasapano', 115),
(1734, 'Mangudadatu', 115),
(1735, 'Matanog', 115),
(1736, 'Northern Kabuntalan', 115),
(1737, 'Pagalungan', 115),
(1738, 'Paglat', 115),
(1739, 'Pandag', 115),
(1740, 'Parang', 115),
(1741, 'Rajah Buayan', 115),
(1742, 'Shariff Aguak', 115),
(1743, 'Shariff Saydona Mustapha', 115),
(1744, 'South Upi', 115),
(1745, 'Sultan Kudarat', 115),
(1746, 'Sultan Mastura', 115),
(1747, 'Sultan sa Barongis', 115),
(1748, 'Sultan Sumagka', 115),
(1749, 'Talayan', 115),
(1750, 'Upi', 115),
(1751, 'Banguingui', 116),
(1752, 'Hadji Panglima Tahil', 116),
(1753, 'Indanan', 116),
(1754, 'Jolo', 116),
(1755, 'Kalingalan Caluang', 116),
(1756, 'Lugus', 116),
(1757, 'Luuk', 116),
(1758, 'Maimbung', 116),
(1759, 'Old Panamao', 116),
(1760, 'Omar', 116),
(1761, 'Pandami', 116),
(1762, 'Panglima Estino', 116),
(1763, 'Pangutaran', 116),
(1764, 'Parang', 116),
(1765, 'Pata', 116),
(1766, 'Patikul', 116),
(1767, 'Siasi', 116),
(1768, 'Talipao', 116),
(1769, 'Tapul', 116),
(1770, 'Bongao', 117),
(1771, 'Languyan', 117),
(1772, 'Mapun', 117),
(1773, 'Panglima Sugala', 117),
(1774, 'Sapa-Sapa', 117),
(1775, 'Sibutu', 117),
(1776, 'Simunul', 117),
(1777, 'Sitangkai', 117),
(1778, 'South Ubian', 117),
(1779, 'Tandubas', 117),
(1780, 'Turtle Islands', 117);

-- --------------------------------------------------------

--
-- Table structure for table `failed_jobs`
--

CREATE TABLE `failed_jobs` (
  `id` bigint(20) UNSIGNED NOT NULL,
  `uuid` varchar(255) COLLATE utf8mb4_unicode_ci NOT NULL,
  `connection` text COLLATE utf8mb4_unicode_ci NOT NULL,
  `queue` text COLLATE utf8mb4_unicode_ci NOT NULL,
  `payload` longtext COLLATE utf8mb4_unicode_ci NOT NULL,
  `exception` longtext COLLATE utf8mb4_unicode_ci NOT NULL,
  `failed_at` timestamp NOT NULL DEFAULT current_timestamp()
) ENGINE=InnoDB DEFAULT CHARSET=utf8mb4 COLLATE=utf8mb4_unicode_ci;

-- --------------------------------------------------------

--
-- Table structure for table `migrations`
--

CREATE TABLE `migrations` (
  `id` int(10) UNSIGNED NOT NULL,
  `migration` varchar(255) COLLATE utf8mb4_unicode_ci NOT NULL,
  `batch` int(11) NOT NULL
) ENGINE=InnoDB DEFAULT CHARSET=utf8mb4 COLLATE=utf8mb4_unicode_ci;

--
-- Dumping data for table `migrations`
--

INSERT INTO `migrations` (`id`, `migration`, `batch`) VALUES
(1, '2014_10_12_000000_create_users_table', 1),
(2, '2014_10_12_100000_create_password_resets_table', 1),
(3, '2019_08_19_000000_create_failed_jobs_table', 1),
(4, '2019_12_14_000001_create_personal_access_tokens_table', 1),
(5, '2022_03_24_030417_create_country_state_city_tables', 1),
(6, '2022_03_24_234449_create_products_table', 2),
(7, '2022_03_25_002624_create_students_table', 3),
(8, '2022_03_25_063134_create_addresses_table', 4);

-- --------------------------------------------------------

--
-- Table structure for table `password_resets`
--

CREATE TABLE `password_resets` (
  `email` varchar(255) COLLATE utf8mb4_unicode_ci NOT NULL,
  `token` varchar(255) COLLATE utf8mb4_unicode_ci NOT NULL,
  `created_at` timestamp NULL DEFAULT NULL
) ENGINE=InnoDB DEFAULT CHARSET=utf8mb4 COLLATE=utf8mb4_unicode_ci;

-- --------------------------------------------------------

--
-- Table structure for table `personal_access_tokens`
--

CREATE TABLE `personal_access_tokens` (
  `id` bigint(20) UNSIGNED NOT NULL,
  `tokenable_type` varchar(255) COLLATE utf8mb4_unicode_ci NOT NULL,
  `tokenable_id` bigint(20) UNSIGNED NOT NULL,
  `name` varchar(255) COLLATE utf8mb4_unicode_ci NOT NULL,
  `token` varchar(64) COLLATE utf8mb4_unicode_ci NOT NULL,
  `abilities` text COLLATE utf8mb4_unicode_ci DEFAULT NULL,
  `last_used_at` timestamp NULL DEFAULT NULL,
  `created_at` timestamp NULL DEFAULT NULL,
  `updated_at` timestamp NULL DEFAULT NULL
) ENGINE=InnoDB DEFAULT CHARSET=utf8mb4 COLLATE=utf8mb4_unicode_ci;

-- --------------------------------------------------------

--
-- Table structure for table `provinces`
--

CREATE TABLE `provinces` (
  `id` int(10) UNSIGNED NOT NULL,
  `name` varchar(255) COLLATE utf8mb4_unicode_ci NOT NULL,
  `region_id` int(11) NOT NULL
) ENGINE=InnoDB DEFAULT CHARSET=utf8mb4 COLLATE=utf8mb4_unicode_ci;

--
-- Dumping data for table `provinces`
--

INSERT INTO `provinces` (`id`, `name`, `region_id`) VALUES
(1, 'Ilocos Norte', 1),
(2, 'Ilocos Sur', 1),
(3, 'La Union', 1),
(4, 'Pangasinan', 1),
(5, 'Batanes', 2),
(6, 'Cagayan', 2),
(7, 'Isabela', 2),
(8, 'Nueva Vizcaya', 2),
(9, 'Quirino', 2),
(10, 'Angeles', 3),
(11, 'Aurora', 3),
(12, 'Bataan', 3),
(13, 'Bulacan', 3),
(14, 'Nueva Ecija', 3),
(15, 'Olongapo', 3),
(16, 'Pampanga', 3),
(17, 'Tarlac', 3),
(18, 'Zambales', 3),
(19, 'Batangas', 4),
(20, 'Cavite', 4),
(21, 'Lucena', 4),
(22, 'Laguna', 4),
(23, 'Quezon', 4),
(24, 'Rizal', 4),
(25, 'Marinduque', 5),
(26, 'Occidental Mindoro', 5),
(27, 'Oriental Mindoro', 5),
(28, 'Palawan', 5),
(29, 'Puerto Princesa', 5),
(30, 'Romblon', 5),
(31, 'Albay', 6),
(32, 'Camarines Norte', 6),
(33, 'Camarines Sur', 6),
(34, 'Catanduanes', 6),
(35, 'Masbate', 6),
(36, 'Sorsogon', 6),
(37, 'Aklan', 7),
(38, 'Antique', 7),
(39, 'Bacolod', 7),
(40, 'Capiz', 7),
(41, 'Guimaras', 7),
(42, 'Iloilo', 7),
(43, 'Iloilo City', 7),
(44, 'Negros Occidental', 7),
(45, 'Bohol', 8),
(46, 'Cebu', 8),
(47, 'Cebu City', 8),
(48, 'Lapu-Lapu', 8),
(49, 'Mandaue', 8),
(50, 'Negros Oriental', 8),
(51, 'Siquijor', 8),
(52, 'Biliran', 9),
(53, 'Eastern Samar', 9),
(54, 'Leyte', 9),
(55, 'Northern Samar', 9),
(56, 'Samar', 9),
(57, 'Southern Leyte', 9),
(58, 'Tacloban', 9),
(59, 'Isabela City', 10),
(60, 'Zamboanga City', 10),
(61, 'Zamboanga del Norte', 10),
(62, 'Zamboanga del Sur', 10),
(63, 'Zamboanga Sibugay', 10),
(64, 'Bukidnon', 11),
(65, 'Cagayan de Oro', 11),
(66, 'Camiguin', 11),
(67, 'Iligan', 11),
(68, 'Lanao del Norte', 11),
(69, 'Misamis Occidental', 11),
(70, 'Misamis Oriental', 11),
(71, 'Davao de Oro', 12),
(72, 'Davao City', 12),
(73, 'Davao del Norte', 12),
(74, 'Davao del Sur', 12),
(75, 'Davao Occidental', 12),
(76, 'Davao Oriental', 12),
(77, 'Cotabato', 13),
(78, 'Cotabato City', 13),
(79, 'General Santos', 13),
(80, 'Sarangani', 13),
(81, 'South Cotabato', 13),
(82, 'Sultan Kudarat', 13),
(83, 'Agusan del Norte', 14),
(84, 'Agusan del Sur', 14),
(85, 'Butuan', 14),
(86, 'Dinagat Islands', 14),
(87, 'Surigao del Norte', 14),
(88, 'Surigao del Sur', 14),
(89, 'Caloocan', 15),
(90, 'Las Pinas', 15),
(91, 'Makati', 15),
(92, 'Malabon', 15),
(93, 'Mandaluyong', 15),
(94, 'Manila', 15),
(95, 'Marikina', 15),
(96, 'Muntinlupa', 15),
(97, 'Navotas', 15),
(98, 'Paranaque', 15),
(99, 'Pasay', 15),
(100, 'Pasig', 15),
(101, 'Pateros', 15),
(102, 'Quezon City', 15),
(103, 'San Juan', 15),
(104, 'Taguig', 15),
(105, 'Valenzuela', 15),
(106, 'Abra', 16),
(107, 'Apayao', 16),
(108, 'Baguio', 16),
(109, 'Benguet', 16),
(110, 'Ifugao', 16),
(111, 'Kalinga', 16),
(112, 'Mountain Province', 16),
(113, 'Basilan', 17),
(114, 'Lanao del Sur', 17),
(115, 'Maguindanao', 17),
(116, 'Sulu', 17),
(117, 'Tawi-Tawi', 17);

-- --------------------------------------------------------

--
-- Table structure for table `regions`
--

CREATE TABLE `regions` (
  `id` int(10) UNSIGNED NOT NULL,
  `name` varchar(255) COLLATE utf8mb4_unicode_ci NOT NULL
) ENGINE=InnoDB DEFAULT CHARSET=utf8mb4 COLLATE=utf8mb4_unicode_ci;

--
-- Dumping data for table `regions`
--

INSERT INTO `regions` (`id`, `name`) VALUES
(1, 'Region I - Ilocos Region'),
(2, 'Region II - Cagayan Valley'),
(3, 'Region III ? Central Luzon'),
(4, 'Region IV-A - CALABARZON'),
(5, 'Region IV-B - MIMAROPA'),
(6, 'Region V - Bicol Region'),
(7, 'Region VI - Western Visayas'),
(8, 'Region VII - Central Visayas'),
(9, 'Region VIII - Eastern Visayas'),
(10, 'Region IX - Zamboanga Peninsula'),
(11, 'Region X - Northern Mindanao'),
(12, 'Region XI - Davao Region'),
(13, 'Region XII - SOCCSKSARGEN'),
(14, 'Region XIII - Caraga'),
(15, 'NCR - National Capital Region'),
(16, 'CAR - Cordillera Administrative Region'),
(17, 'BARMM - Bangsamoro Autonomous Region in Muslim Mindanao');

-- --------------------------------------------------------

--
-- Table structure for table `students`
--

CREATE TABLE `students` (
  `id` bigint(20) UNSIGNED NOT NULL,
  `image` varchar(255) COLLATE utf8mb4_unicode_ci NOT NULL,
  `fname` varchar(255) COLLATE utf8mb4_unicode_ci NOT NULL,
  `mname` varchar(255) COLLATE utf8mb4_unicode_ci NOT NULL,
  `lname` varchar(255) COLLATE utf8mb4_unicode_ci NOT NULL,
  `region` varchar(255) COLLATE utf8mb4_unicode_ci NOT NULL,
  `province` varchar(255) COLLATE utf8mb4_unicode_ci NOT NULL,
  `city` varchar(255) COLLATE utf8mb4_unicode_ci NOT NULL,
  `bday` varchar(255) COLLATE utf8mb4_unicode_ci NOT NULL,
  `age` varchar(255) COLLATE utf8mb4_unicode_ci NOT NULL,
  `address` text COLLATE utf8mb4_unicode_ci NOT NULL,
  `created_at` timestamp NULL DEFAULT NULL,
  `updated_at` timestamp NULL DEFAULT NULL
) ENGINE=InnoDB DEFAULT CHARSET=utf8mb4 COLLATE=utf8mb4_unicode_ci;

--
-- Dumping data for table `students`
--

INSERT INTO `students` (`id`, `image`, `fname`, `mname`, `lname`, `region`, `province`, `city`, `bday`, `age`, `address`, `created_at`, `updated_at`) VALUES
(10, '20220328070344.jpg', 'Carly', 'Rae', 'Jepsen', '4', '19', '409', '2007-02-14', '15 years old', 'Barangay 1 J.P Laurel Street', '2022-03-27 23:03:44', '2022-03-27 23:03:44'),
(11, '20220328070911.png', 'Carla', 'Rol', 'Mabutol', '4', '19', '404', '1982-06-24', '39 years old', 'J.P Laurel Street Barangay Wawa', '2022-03-27 23:09:11', '2022-03-27 23:19:00');

--
-- Indexes for dumped tables
--

--
-- Indexes for table `cities`
--
ALTER TABLE `cities`
  ADD PRIMARY KEY (`id`);

--
-- Indexes for table `failed_jobs`
--
ALTER TABLE `failed_jobs`
  ADD PRIMARY KEY (`id`),
  ADD UNIQUE KEY `failed_jobs_uuid_unique` (`uuid`);

--
-- Indexes for table `migrations`
--
ALTER TABLE `migrations`
  ADD PRIMARY KEY (`id`);

--
-- Indexes for table `password_resets`
--
ALTER TABLE `password_resets`
  ADD KEY `password_resets_email_index` (`email`);

--
-- Indexes for table `personal_access_tokens`
--
ALTER TABLE `personal_access_tokens`
  ADD PRIMARY KEY (`id`),
  ADD UNIQUE KEY `personal_access_tokens_token_unique` (`token`),
  ADD KEY `personal_access_tokens_tokenable_type_tokenable_id_index` (`tokenable_type`,`tokenable_id`);

--
-- Indexes for table `provinces`
--
ALTER TABLE `provinces`
  ADD PRIMARY KEY (`id`);

--
-- Indexes for table `regions`
--
ALTER TABLE `regions`
  ADD PRIMARY KEY (`id`);

--
-- Indexes for table `students`
--
ALTER TABLE `students`
  ADD PRIMARY KEY (`id`);

--
-- AUTO_INCREMENT for dumped tables
--

--
-- AUTO_INCREMENT for table `cities`
--
ALTER TABLE `cities`
  MODIFY `id` int(10) UNSIGNED NOT NULL AUTO_INCREMENT, AUTO_INCREMENT=1781;

--
-- AUTO_INCREMENT for table `failed_jobs`
--
ALTER TABLE `failed_jobs`
  MODIFY `id` bigint(20) UNSIGNED NOT NULL AUTO_INCREMENT;

--
-- AUTO_INCREMENT for table `migrations`
--
ALTER TABLE `migrations`
  MODIFY `id` int(10) UNSIGNED NOT NULL AUTO_INCREMENT, AUTO_INCREMENT=9;

--
-- AUTO_INCREMENT for table `personal_access_tokens`
--
ALTER TABLE `personal_access_tokens`
  MODIFY `id` bigint(20) UNSIGNED NOT NULL AUTO_INCREMENT;

--
-- AUTO_INCREMENT for table `provinces`
--
ALTER TABLE `provinces`
  MODIFY `id` int(10) UNSIGNED NOT NULL AUTO_INCREMENT, AUTO_INCREMENT=118;

--
-- AUTO_INCREMENT for table `regions`
--
ALTER TABLE `regions`
  MODIFY `id` int(10) UNSIGNED NOT NULL AUTO_INCREMENT, AUTO_INCREMENT=18;

--
-- AUTO_INCREMENT for table `students`
--
ALTER TABLE `students`
  MODIFY `id` bigint(20) UNSIGNED NOT NULL AUTO_INCREMENT, AUTO_INCREMENT=13;
COMMIT;

/*!40101 SET CHARACTER_SET_CLIENT=@OLD_CHARACTER_SET_CLIENT */;
/*!40101 SET CHARACTER_SET_RESULTS=@OLD_CHARACTER_SET_RESULTS */;
/*!40101 SET COLLATION_CONNECTION=@OLD_COLLATION_CONNECTION */;
